{
  "A_random": {
    "CV": {
      "1s": 0.49794888496398926,
      "2s": 1.2954728603363037,
      "3s": 2.572038412094116,
      "4s": 4.25864839553833,
      "5s": 6.30281925201416,
      "ADE_1to5": 2.98538556098938,
      "FDE_5s": 6.30281925201416,
      "model": "CV"
    },
    "Iter3A": {
      "1s": 0.2948947250843048,
      "2s": 0.5747697353363037,
      "3s": 1.177793025970459,
      "4s": 2.159961700439453,
      "5s": 3.505629301071167,
      "ADE_1to5": 1.5426096975803376,
      "FDE_5s": 3.505629301071167,
      "model": "Iter3A",
      "train_min": 5.7
    },
    "Iter3B": {
      "1s": 0.2828453779220581,
      "2s": 0.5315172672271729,
      "3s": 1.0784960985183716,
      "4s": 1.9903175830841064,
      "5s": 3.2635562419891357,
      "ADE_1to5": 1.429346513748169,
      "FDE_5s": 3.2635562419891357,
      "model": "Iter3B",
      "train_min": 8.0
    },
    "Iter4": {
      "1s": 0.2811327576637268,
      "2s": 0.5231493711471558,
      "3s": 1.053071141242981,
      "4s": 1.9479782581329346,
      "5s": 3.2007479667663574,
      "ADE_1to5": 1.4012158989906311,
      "FDE_5s": 3.2007479667663574,
      "model": "Iter4",
      "train_min": 7.7
    },
    "K_PhysGAT": {
      "1s": 0.26899582147598267,
      "2s": 0.3356229066848755,
      "3s": 0.5943662524223328,
      "4s": 1.1288789510726929,
      "5s": 1.985745906829834,
      "ADE_1to5": 0.8627219676971436,
      "FDE_5s": 1.985745906829834,
      "model": "K_PhysGAT",
      "train_min": 37.5
    }
  },
  "B_groupkfold": {
    "CV": {
      "1s": 0.549781322479248,
      "2s": 1.409321665763855,
      "3s": 2.8264777660369873,
      "4s": 4.734434604644775,
      "5s": 7.0712151527404785,
      "ADE_1to5": 3.318246102333069,
      "FDE_5s": 7.0712151527404785,
      "model": "CV"
    },
    "Iter3A": {
      "1s": 0.3500403165817261,
      "2s": 0.5959310531616211,
      "3s": 1.1349416971206665,
      "4s": 2.1363625526428223,
      "5s": 3.6010825634002686,
      "ADE_1to5": 1.563671636581421,
      "FDE_5s": 3.6010825634002686,
      "model": "Iter3A",
      "train_min": 5.6
    },
    "Iter3B": {
      "1s": 0.34057751297950745,
      "2s": 0.5896760821342468,
      "3s": 1.121641755104065,
      "4s": 2.094676971435547,
      "5s": 3.5280094146728516,
      "ADE_1to5": 1.5349163472652436,
      "FDE_5s": 3.5280094146728516,
      "model": "Iter3B",
      "train_min": 9.1
    },
    "Iter4": {
      "1s": 0.3416975438594818,
      "2s": 0.6190055012702942,
      "3s": 1.2197723388671875,
      "4s": 2.2604432106018066,
      "5s": 3.748605728149414,
      "ADE_1to5": 1.6379048645496368,
      "FDE_5s": 3.748605728149414,
      "model": "Iter4",
      "train_min": 5.7
    },
    "K_PhysGAT": {
      "1s": 0.3291688561439514,
      "2s": 0.40015527606010437,
      "3s": 0.6363255977630615,
      "4s": 1.3311408758163452,
      "5s": 2.535888433456421,
      "ADE_1to5": 1.0465358078479767,
      "FDE_5s": 2.535888433456421,
      "model": "K_PhysGAT",
      "train_min": 32.6
    }
  }
}